"Id","FeedItemId","FieldName","DataType","OldValueString","NewValueString","OldValueFirstName","NewValueFirstName","OldValueLastName","NewValueLastName","OldValueNumber","NewValueNumber","OldValueDate","NewValueDate"
"0D64600001edyK1CAI","0D54600000wh9rMCAQ","FirstName","Text","Alex","Pete","","","","","","","",""
"0D64600001edyK2CAI","0D54600000wh9rMCAQ","LastName","Text","Narivontchik","Dog","","","","","","","",""
"0D64600001eeCS4CAM","0D54600000whItoCAE","FirstName","Text","Pet","Alex","","","","","","","",""
"0D64600001eeCS5CAM","0D54600000whItoCAE","LastName","Text","Fall","Narivontchik","","","","","","","",""
"0D64600001eepROCAY","0D54600000whog3CAA","FirstName","Text","Alex","alex","","","","","","","",""
"0D64600001eepRPCAY","0D54600000whog3CAA","LastName","Text","Narivontchik","petrov","","","","","","","",""
"0D64600001gmfGICAY","0D54600000yR3vnCAC","LastName","Text","Petrov","Alex","","","","","","","",""
"0D64600001gmfGNCAY","0D54600000yR3vsCAC","LastName","Text","Alex","Test","","","","","","","",""
"0D64600001gp5m9CAA","0D54600000ySGGCCA4","FirstName","Text","Om","om","","","","","","","",""
"0D64600001gp5uiCAA","0D54600000ySGMeCAO","FirstName","Text","om","Om","","","","","","","",""
